OBID,Time,InfectorID,InfectorTick,InfectedID,ActType,TimeSinceLastInf,InfectorStg,BranchLength,InfectorState,InfectedState,MixingSite,
0,90005,152885,89969,155065,Acute_Susceptible,1,Acute, 36,High,High,HighRisk
0,90013,155065,90005,149833,Acute_Susceptible,1,Acute, 8,High,High,HighRisk
1,90017,155039,90012,155094,Acute_Susceptible,1,Acute, 5,High,High,HighRisk
1,90018,155039,90012,155259,Acute_Susceptible,2,Acute, 6,High,Low,Common
2,90022,155758,90006,153756,Acute_Susceptible,1,Acute, 16,High,Low,Common
3,90029,149658,89957,149738,Acute_Susceptible,1,Acute, 72,Low,Low,Common
4,90040,152851,89954,154469,Acute_Susceptible,80,Acute, 86,High,High,HighRisk
5,90047,152660,90026,150223,Acute_Susceptible,1,Acute, 21,High,High,HighRisk
6,90053,153050,90031,155511,Acute_Susceptible,1,Acute, 22,High,High,HighRisk
6,90084,153050,90031,152390,Acute_Susceptible,32,Acute, 53,High,High,HighRisk
6,90091,153050,90031,155693,Acute_Susceptible,8,Acute, 60,High,High,HighRisk
6,90105,155693,90091,151336,Acute_Susceptible,1,Acute, 14,High,Low,Common
7,90066,151374,89993,154911,Acute_Susceptible,1,Acute, 73,Low,Low,Common
8,90078,155791,90066,155723,Acute_Susceptible,1,Acute, 12,High,High,HighRisk
8,90125,155791,90066,152794,Acute_Susceptible,48,Acute, 59,High,High,HighRisk
9,90086,149373,89914,148876,Acute_Susceptible,1,Acute, 172,High,High,HighRisk
9,90181,148876,90086,155615,Acute_Susceptible,1,Acute, 95,High,Low,Common
9,90245,148876,90086,155922,Acute_Susceptible,65,Acute, 159,High,High,HighRisk
10,90116,153609,90114,155745,Acute_Susceptible,1,Acute, 2,Low,Low,Common
11,90132,155184,90089,155553,Acute_Susceptible,1,Acute, 43,High,High,HighRisk
12,90169,155342,90162,155808,Acute_Susceptible,1,Acute, 7,High,Low,Common
12,90282,155342,90162,154944,Acute_Susceptible,114,Acute, 120,High,High,HighRisk
13,90171,151559,90170,155386,Acute_Susceptible,1,Acute, 1,Low,High,Common
13,90179,155386,90171,153722,Acute_Susceptible,1,Acute, 8,High,High,HighRisk
14,90188,155697,90149,155853,Acute_Susceptible,1,Acute, 39,High,High,HighRisk
15,90195,155849,90171,152995,Acute_Susceptible,1,Acute, 24,High,Low,Common
16,90207,155512,90178,155765,Acute_Susceptible,1,Acute, 29,High,High,HighRisk
17,90209,155516,90201,154927,Acute_Susceptible,1,Acute, 8,High,High,HighRisk
18,90213,155320,90203,155711,Acute_Susceptible,1,Acute, 10,High,High,HighRisk
19,90237,152883,90176,155910,Acute_Susceptible,1,Acute, 61,High,High,HighRisk
20,90258,155921,90230,154028,Acute_Susceptible,1,Acute, 28,High,Low,Common
21,90268,155736,90255,155701,Acute_Susceptible,1,Acute, 13,High,High,HighRisk
22,90279,151555,90258,155287,Acute_Susceptible,1,Acute, 21,High,Low,Common
22,90315,155287,90279,153005,Acute_Susceptible,1,Acute, 36,Low,Low,Common
23,90280,149919,90230,153786,Acute_Susceptible,1,Acute, 50,Low,Low,Common
24,90321,154880,90252,155986,Acute_Susceptible,1,Acute, 69,High,High,HighRisk
25,90347,155580,90324,155367,Acute_Susceptible,1,Acute, 23,High,High,HighRisk
26,90349,154869,90338,144006,Acute_Susceptible,1,Acute, 11,High,Low,Common
26,90392,154869,90338,147551,Acute_Susceptible,44,Acute, 54,High,Low,Common
27,90356,155888,90299,155896,Acute_Susceptible,1,Acute, 57,High,Low,Common
28,90365,155263,90337,156013,Acute_Susceptible,1,Acute, 28,High,High,HighRisk
29,90367,152232,90337,155686,Acute_Susceptible,1,Acute, 30,High,High,HighRisk
29,90535,155686,90367,156123,Acute_Susceptible,1,Acute, 168,High,High,HighRisk
30,90387,155154,90351,153289,Acute_Susceptible,1,Acute, 36,High,High,HighRisk
31,90399,153706,90383,155676,Acute_Susceptible,1,Acute, 16,Low,Low,Common
32,90415,153639,90408,156001,Acute_Susceptible,1,Acute, 7,High,High,HighRisk
32,90479,153639,90408,155605,Acute_Susceptible,65,Acute, 71,High,High,HighRisk
33,90442,154851,90391,152685,Acute_Susceptible,1,Acute, 51,High,High,HighRisk
34,90462,155149,90461,155577,Acute_Susceptible,1,Acute, 1,High,High,HighRisk
35,90467,155195,90465,152138,Acute_Susceptible,1,Acute, 2,High,High,HighRisk
36,90494,153221,90475,154998,Acute_Susceptible,1,Acute, 19,Low,Low,Common
37,90543,155565,90515,155509,Acute_Susceptible,1,Acute, 28,High,Low,Common
38,90543,155001,90526,156099,Acute_Susceptible,1,Acute, 17,High,High,HighRisk
39,90560,156050,90501,154292,Acute_Susceptible,1,Acute, 59,High,High,HighRisk
39,90616,156050,90501,156088,Acute_Susceptible,57,Acute, 115,High,High,Common
40,90570,156043,90567,155606,Acute_Susceptible,1,Acute, 3,High,High,HighRisk
40,90574,155606,90570,153948,Acute_Susceptible,1,Acute, 4,High,High,HighRisk
41,90579,155292,90569,149854,Acute_Susceptible,1,Acute, 10,High,Low,Common
42,90587,155044,90567,152158,Acute_Susceptible,1,Acute, 20,High,High,HighRisk
42,90598,155044,90567,152154,Acute_Susceptible,12,Acute, 31,High,Low,Common
43,90619,149235,90604,155864,Acute_Susceptible,1,Acute, 15,High,High,Common
44,90619,153386,90597,155566,Acute_Susceptible,1,Acute, 22,High,High,HighRisk
45,90624,156006,90611,156031,Acute_Susceptible,1,Acute, 13,High,High,HighRisk
46,90625,155972,90526,155766,Acute_Susceptible,1,Acute, 99,High,Low,Common
47,90662,152570,90657,155067,Acute_Susceptible,1,Acute, 5,High,Low,Common
47,90664,152570,90657,155715,Acute_Susceptible,3,Acute, 7,High,High,HighRisk
47,90669,155715,90664,156116,Acute_Susceptible,1,Acute, 5,High,High,HighRisk
48,90681,155241,90664,152827,Acute_Susceptible,1,Acute, 17,High,High,HighRisk
48,90703,155241,90664,153399,Acute_Susceptible,23,Acute, 39,High,Low,Common
49,90685,155894,90649,156233,Acute_Susceptible,1,Acute, 36,High,Low,Common
50,90690,155345,90677,156199,Acute_Susceptible,1,Acute, 13,High,High,HighRisk
50,90750,156199,90690,156215,Acute_Susceptible,1,Acute, 60,High,High,HighRisk
51,90692,155996,90637,156207,Acute_Susceptible,1,Acute, 55,High,Low,Common
51,90772,155996,90637,155642,Acute_Susceptible,81,Acute, 135,High,High,HighRisk
51,90828,155996,90637,151546,Acute_Susceptible,57,Acute, 191,High,High,HighRisk
52,90707,156067,90680,156011,Acute_Susceptible,1,Acute, 27,High,Low,Common
53,90721,153768,90633,154624,Acute_Susceptible,1,Acute, 88,High,Low,Common
53,90812,153768,90633,154932,Acute_Susceptible,92,Acute, 179,High,Low,Common
54,90732,156051,90730,152256,Acute_Susceptible,1,Acute, 2,High,High,HighRisk
54,90744,156051,90730,156176,Acute_Susceptible,13,Acute, 14,High,High,HighRisk
54,90767,156051,90730,152695,Acute_Susceptible,24,Acute, 37,High,Low,Common
55,90749,147443,90743,154939,Acute_Susceptible,1,Acute, 6,Low,Low,Common
56,90766,154962,90741,156019,Acute_Susceptible,1,Acute, 25,High,High,HighRisk
56,90791,154962,90741,154940,Acute_Susceptible,26,Acute, 50,High,High,HighRisk
57,90781,156273,90765,156075,Acute_Susceptible,1,Acute, 16,High,High,HighRisk
57,90812,156075,90781,155272,Acute_Susceptible,1,Acute, 31,High,High,HighRisk
57,90863,155272,90812,156188,Acute_Susceptible,1,Acute, 51,High,Low,Common
58,90799,154901,90744,154679,Acute_Susceptible,1,Acute, 55,High,High,HighRisk
59,90821,155300,90773,153198,Acute_Susceptible,1,Acute, 48,High,Low,Common
60,90823,155637,90771,155748,Acute_Susceptible,1,Acute, 52,High,Low,Common
61,90839,156294,90769,156368,Acute_Susceptible,1,Acute, 70,High,High,HighRisk
62,90855,156362,90804,156201,Acute_Susceptible,1,Acute, 51,High,Low,Common
63,90855,156358,90845,156390,Acute_Susceptible,1,Acute, 10,High,High,HighRisk
64,90894,154730,90818,156026,Acute_Susceptible,1,Acute, 76,High,High,HighRisk
65,90899,155812,90863,153745,Acute_Susceptible,1,Acute, 36,High,Low,Common
65,90911,155812,90863,153850,Acute_Susceptible,13,Acute, 48,High,Low,Common
66,90933,155070,90827,153582,Acute_Susceptible,1,Acute, 106,Low,Low,Common
67,90942,151895,90840,156134,Acute_Susceptible,1,Acute, 102,High,Low,Common
68,90973,156111,90921,156210,Acute_Susceptible,1,Acute, 52,High,High,HighRisk
69,90976,154663,90970,155879,Acute_Susceptible,1,Acute, 6,High,High,HighRisk
70,90989,156020,90946,156430,Acute_Susceptible,1,Acute, 43,High,Low,Common
71,90998,156410,90899,146348,Acute_Susceptible,1,Acute, 99,Low,Low,Common
72,91007,155707,90908,154539,Acute_Susceptible,1,Acute, 99,Low,Low,Common
73,91022,152159,90882,155522,Acute_Susceptible,1,Acute, 140,High,Low,Common
74,91039,155506,91022,155206,Acute_Susceptible,1,Acute, 17,High,Low,Common
75,91061,150303,91060,154334,Acute_Susceptible,1,Acute, 1,High,High,HighRisk
76,91062,156357,91046,150602,Acute_Susceptible,1,Acute, 16,High,Low,Common
76,91209,156357,91046,154594,Acute_Susceptible,148,Acute, 163,High,Low,Common
77,91076,151632,90970,152468,Acute_Susceptible,1,Acute, 106,High,High,HighRisk
78,91082,156351,91010,155975,Acute_Susceptible,1,Acute, 72,High,High,HighRisk
79,91102,156339,91065,155863,Acute_Susceptible,1,Acute, 37,High,Low,Common
79,91162,156339,91065,156588,Acute_Susceptible,61,Acute, 97,High,Low,Common
80,91114,155776,91071,154363,Acute_Susceptible,1,Acute, 43,High,Low,Common
81,91115,155609,91104,156484,Acute_Susceptible,1,Acute, 11,High,High,HighRisk
81,91142,155609,91104,153764,Acute_Susceptible,28,Acute, 38,High,High,HighRisk
81,91159,155609,91104,156341,Acute_Susceptible,18,Acute, 55,High,High,HighRisk
81,91169,156341,91159,156078,Acute_Susceptible,1,Acute, 10,High,High,HighRisk
82,91117,151137,91096,153352,Acute_Susceptible,1,Acute, 21,High,Low,Common
83,91119,153397,91075,155221,Acute_Susceptible,1,Acute, 44,High,High,HighRisk
83,91130,153397,91075,155038,Acute_Susceptible,12,Acute, 55,High,Low,Common
84,91131,156372,91075,156540,Acute_Susceptible,1,Acute, 56,High,High,HighRisk
85,91150,154891,91071,155614,Acute_Susceptible,1,Acute, 79,High,Low,Common
86,91183,153865,91158,156416,Acute_Susceptible,1,Acute, 25,High,High,HighRisk
86,91197,156416,91183,156259,Acute_Susceptible,1,Acute, 14,High,High,HighRisk
87,91190,155920,91183,152802,Acute_Susceptible,1,Acute, 7,High,High,HighRisk
88,91192,156060,91132,153631,Acute_Susceptible,1,Acute, 60,High,Low,Common
88,91279,156060,91132,150573,Acute_Susceptible,88,Acute, 147,High,High,HighRisk
89,91195,155735,91073,150842,Acute_Susceptible,1,Acute, 122,High,Low,Common
90,91243,153373,91125,152662,Acute_Susceptible,1,Acute, 118,High,High,HighRisk
90,91299,153373,91125,155899,Acute_Susceptible,57,Acute, 174,High,Low,Common
91,91262,156603,91256,156590,Acute_Susceptible,1,Acute, 6,High,High,HighRisk
92,91268,156602,91220,155828,Acute_Susceptible,1,Acute, 48,High,Low,Common
93,91272,154368,91237,152376,Acute_Susceptible,1,Acute, 35,High,Low,Common
93,91379,154368,91237,156494,Acute_Susceptible,108,Acute, 142,High,High,HighRisk
94,91285,155818,91252,156380,Acute_Susceptible,1,Acute, 33,High,Low,Common
95,91336,155494,91316,156631,Acute_Susceptible,1,Acute, 20,Low,Low,Common
96,91346,154868,91335,156552,Acute_Susceptible,1,Acute, 11,Low,Low,Common
97,91369,156610,91298,155117,Acute_Susceptible,1,Acute, 71,High,Low,Common
98,91374,153910,91347,156525,Acute_Susceptible,1,Acute, 27,High,High,HighRisk
99,91411,156144,91180,155597,Acute_Susceptible,1,Acute, 231,High,High,HighRisk
99,91434,155597,91411,156640,Acute_Susceptible,1,Acute, 23,High,High,HighRisk
99,91463,155597,91411,156608,Acute_Susceptible,30,Acute, 52,High,High,HighRisk
99,91468,155597,91411,155297,Acute_Susceptible,6,Acute, 57,High,Low,Common
100,91421,154552,91255,152700,Acute_Susceptible,1,Acute, 166,Low,Low,Common
101,91455,155510,91436,156312,Acute_Susceptible,1,Acute, 19,High,High,HighRisk
101,91549,156312,91455,155298,Acute_Susceptible,1,Acute, 94,High,Low,Common
101,91640,156312,91455,156852,Acute_Susceptible,92,Acute, 185,High,High,HighRisk
101,91677,156852,91640,156679,Acute_Susceptible,1,Acute, 37,High,High,HighRisk
101,91746,156312,91455,156753,Acute_Susceptible,107,Acute, 291,High,High,HighRisk
102,91473,156769,91460,152497,Acute_Susceptible,1,Acute, 13,High,High,HighRisk
103,91494,155285,91443,156758,Acute_Susceptible,1,Acute, 51,High,Low,Common
103,91619,156758,91494,153398,Acute_Susceptible,1,Acute, 125,Low,Low,Common
104,91494,153440,91460,155112,Acute_Susceptible,1,Acute, 34,High,High,HighRisk
105,91599,156703,91563,156008,Acute_Susceptible,1,Acute, 36,High,High,HighRisk
105,91623,156703,91563,156515,Acute_Susceptible,25,Acute, 60,High,High,HighRisk
106,91633,156530,91622,153091,Acute_Susceptible,1,Acute, 11,High,Low,Common
107,91654,155085,91650,156713,Acute_Susceptible,1,Acute, 4,High,High,HighRisk
108,91699,156318,91691,155705,Acute_Susceptible,1,Acute, 8,High,High,HighRisk
109,91724,154701,91707,154678,Acute_Susceptible,1,Acute, 17,High,High,HighRisk
110,91763,156638,91700,155551,Acute_Susceptible,1,Acute, 63,High,High,HighRisk
111,91768,156307,91749,156576,Acute_Susceptible,1,Acute, 19,Low,Low,Common
112,91776,156678,91722,154374,Acute_Susceptible,1,Acute, 54,Low,Low,Common
113,91835,156023,91762,150890,Acute_Susceptible,1,Acute, 73,High,High,HighRisk
114,91848,154955,91783,149885,Acute_Susceptible,1,Acute, 65,Low,Low,Common
115,91851,154216,91814,154015,Acute_Susceptible,1,Acute, 37,High,High,HighRisk
116,91854,156536,91803,156955,Acute_Susceptible,1,Acute, 51,High,High,HighRisk
116,91874,156955,91854,148521,Acute_Susceptible,1,Acute, 20,High,High,HighRisk
117,91866,155293,91810,154821,Acute_Susceptible,1,Acute, 56,Low,Low,Common
118,91941,157082,91917,154659,Acute_Susceptible,1,Acute, 24,Low,High,Common
119,91968,157061,91912,145719,Acute_Susceptible,1,Acute, 56,High,High,HighRisk
119,92096,145719,91968,154090,Acute_Susceptible,1,Acute, 128,High,High,HighRisk
120,91977,156623,91921,155993,Acute_Susceptible,1,Acute, 56,High,Low,Common
121,91980,156127,91966,155805,Acute_Susceptible,1,Acute, 14,High,High,HighRisk
122,92001,155133,91998,152980,Acute_Susceptible,1,Acute, 3,Low,Low,Common
123,92016,156037,91883,154362,Acute_Susceptible,1,Acute, 133,High,Low,Common
124,92055,156712,92005,154056,Acute_Susceptible,1,Acute, 50,High,High,HighRisk
125,92068,156854,91984,153262,Acute_Susceptible,1,Acute, 84,High,Low,Common
125,92120,156854,91984,157130,Acute_Susceptible,53,Acute, 136,High,High,HighRisk
126,92084,154587,92001,156529,Acute_Susceptible,1,Acute, 83,Low,Low,Common
127,92095,155944,92059,157108,Acute_Susceptible,1,Acute, 36,High,High,HighRisk
127,92098,155944,92059,155426,Acute_Susceptible,4,Acute, 39,High,Low,Common
127,92117,155944,92059,155331,Acute_Susceptible,20,Acute, 58,High,High,HighRisk
127,92131,157108,92095,153759,Acute_Susceptible,1,Acute, 36,High,High,HighRisk
128,92102,155260,92074,153820,Acute_Susceptible,1,Acute, 28,High,Low,Common
128,92175,155260,92074,153772,Acute_Susceptible,74,Acute, 101,High,High,Common
128,92175,155260,92074,156118,Acute_Susceptible,1,Acute, 101,High,Low,Common
128,92191,155260,92074,157100,Acute_Susceptible,17,Acute, 117,High,High,HighRisk
129,92103,155947,92082,156783,Acute_Susceptible,1,Acute, 21,High,High,HighRisk
130,92105,152583,91961,156472,Acute_Susceptible,1,Acute, 144,Low,Low,Common
130,92145,152583,91961,157032,Acute_Susceptible,41,Acute, 184,Low,Low,Common
131,92171,150579,92169,155465,Acute_Susceptible,1,Acute, 2,Low,Low,Common
132,92172,156264,92096,156005,Acute_Susceptible,1,Acute, 76,High,High,HighRisk
133,92187,156320,92131,155524,Acute_Susceptible,1,Acute, 56,High,High,HighRisk
133,92348,155524,92187,155739,Acute_Susceptible,1,Acute, 161,High,Low,Common
134,92204,156091,92179,154775,Acute_Susceptible,1,Acute, 25,High,High,HighRisk
134,92217,154775,92204,157065,Acute_Susceptible,1,Acute, 13,High,High,HighRisk
134,92262,156091,92179,157323,Acute_Susceptible,59,Acute, 83,High,High,HighRisk
134,92262,157065,92217,157133,Acute_Susceptible,1,Acute, 45,High,High,HighRisk
135,92213,151533,92201,156749,Acute_Susceptible,1,Acute, 12,High,High,Common
136,92238,157228,92205,157142,Acute_Susceptible,1,Acute, 33,High,Low,Common
137,92242,155761,92057,157149,Acute_Susceptible,1,Acute, 185,High,High,HighRisk
137,92266,157149,92242,156811,Acute_Susceptible,1,Acute, 24,High,High,HighRisk
137,92270,157149,92242,156881,Acute_Susceptible,5,Acute, 28,High,High,HighRisk
137,92281,155761,92057,155434,Acute_Susceptible,40,Acute, 224,High,High,HighRisk
137,92373,156881,92270,157341,Acute_Susceptible,1,Acute, 103,High,High,HighRisk
137,92385,157341,92373,155223,Acute_Susceptible,1,Acute, 12,High,Low,Common
138,92275,155080,92265,155582,Acute_Susceptible,1,Acute, 10,Low,Low,Common
138,92314,155080,92265,157277,Acute_Susceptible,40,Acute, 49,Low,High,Common
139,92321,156628,92318,152729,Acute_Susceptible,1,Acute, 3,High,Low,Common
140,92328,155768,92317,157259,Acute_Susceptible,1,Acute, 11,High,High,Common
140,92443,155768,92317,156174,Acute_Susceptible,116,Acute, 126,High,Low,Common
140,92469,155768,92317,155286,Acute_Susceptible,27,Acute, 152,High,High,HighRisk
140,92477,155768,92317,156488,Acute_Susceptible,9,Acute, 160,High,High,HighRisk
141,92342,155392,92305,156584,Acute_Susceptible,1,Acute, 37,High,High,HighRisk
141,92351,156584,92342,155457,Acute_Susceptible,1,Acute, 9,High,High,HighRisk
141,92370,155392,92305,157374,Acute_Susceptible,29,Acute, 65,High,High,HighRisk
142,92360,157015,92346,157381,Acute_Susceptible,1,Acute, 14,High,High,HighRisk
142,92394,157381,92360,146184,Acute_Susceptible,1,Acute, 34,High,Low,Common
142,92448,146184,92394,156366,Acute_Susceptible,1,Acute, 54,Low,Low,Common
143,92361,153816,92263,156513,Acute_Susceptible,1,Acute, 98,High,High,HighRisk
143,92388,153816,92263,150598,Acute_Susceptible,28,Acute, 125,High,High,Common
144,92370,156399,92273,156470,Acute_Susceptible,1,Acute, 97,High,High,HighRisk
144,92400,156470,92370,157419,Acute_Susceptible,1,Acute, 30,High,Low,Common
145,92407,156649,92405,156548,Acute_Susceptible,1,Acute, 2,High,High,HighRisk
145,92438,156548,92407,156950,Acute_Susceptible,1,Acute, 31,High,Low,Common
145,92457,156548,92407,157435,Acute_Susceptible,20,Acute, 50,High,High,HighRisk
146,92438,157232,92178,157330,Acute_Susceptible,1,Acute, 260,Low,Low,Common
147,92441,157352,92413,156560,Acute_Susceptible,1,Acute, 28,High,Low,Common
148,92446,157225,92413,157302,Acute_Susceptible,1,Acute, 33,High,High,Common
149,92453,155973,92437,157326,Acute_Susceptible,1,Acute, 16,High,High,HighRisk
150,92455,156310,92413,157343,Acute_Susceptible,1,Acute, 42,High,High,HighRisk
150,92476,156310,92413,156531,Acute_Susceptible,22,Acute, 63,High,High,HighRisk
151,92456,156143,92383,155108,Acute_Susceptible,1,Acute, 73,Low,Low,Common
152,92481,152059,92363,156861,Acute_Susceptible,1,Acute, 118,High,High,HighRisk
153,92482,151478,92449,157348,Acute_Susceptible,1,Acute, 33,High,Low,Common
153,92632,151478,92449,154261,Acute_Susceptible,151,Acute, 183,High,High,HighRisk
154,92509,157462,92503,156607,Acute_Susceptible,1,Acute, 6,High,High,HighRisk
155,92516,157069,92507,155542,Acute_Susceptible,1,Acute, 9,High,High,HighRisk
156,92521,156963,92445,154871,Acute_Susceptible,1,Acute, 76,High,High,HighRisk
156,92558,156963,92445,157311,Acute_Susceptible,38,Acute, 113,High,High,HighRisk
156,92571,156963,92445,157362,Acute_Susceptible,14,Acute, 126,High,High,HighRisk
157,92522,156329,92482,157487,Acute_Susceptible,1,Acute, 40,High,High,HighRisk
157,92569,157487,92522,157470,Acute_Susceptible,1,Acute, 47,High,High,HighRisk
157,92622,156329,92482,157400,Acute_Susceptible,101,Acute, 140,High,High,HighRisk
157,92689,156329,92482,157339,Acute_Susceptible,68,Acute, 207,High,High,HighRisk
158,92531,151201,92429,155493,Acute_Susceptible,1,Acute, 102,Low,Low,Common
159,92557,152718,92553,156580,Acute_Susceptible,1,Acute, 4,High,High,HighRisk
160,92583,156171,92562,156961,Acute_Susceptible,1,Acute, 21,High,High,HighRisk
161,92611,154405,92504,157126,Acute_Susceptible,1,Acute, 107,High,High,HighRisk
161,92622,154405,92504,157558,Acute_Susceptible,12,Acute, 118,High,High,Common
162,92620,157181,92575,156966,Acute_Susceptible,1,Acute, 45,High,Low,Common
163,92622,156220,92476,152605,Acute_Susceptible,1,Acute, 146,Low,Low,Common
164,92642,156886,92580,153533,Acute_Susceptible,1,Acute, 62,Low,Low,Common
165,92676,156998,92555,156598,Acute_Susceptible,1,Acute, 121,Low,Low,Common
166,92679,156838,92653,157249,Acute_Susceptible,1,Acute, 26,High,High,HighRisk
167,92710,157062,92707,150712,Acute_Susceptible,1,Acute, 3,High,Low,Common
168,92723,153545,92721,157182,Acute_Susceptible,1,Acute, 2,Low,High,Common
169,92749,155441,92740,152859,Acute_Susceptible,1,Acute, 9,High,Low,Common
170,92801,152714,92616,155476,Acute_Susceptible,1,Acute, 185,Low,Low,Common
170,92961,155476,92801,154972,Acute_Susceptible,1,Acute, 160,Low,Low,Common
171,92818,152768,92782,157669,Acute_Susceptible,1,Acute, 36,Low,Low,Common
172,92836,150535,92835,156371,Acute_Susceptible,1,Acute, 1,High,High,HighRisk
172,92860,150535,92835,157304,Acute_Susceptible,25,Acute, 25,High,High,HighRisk
173,92841,153989,92813,157686,Acute_Susceptible,1,Acute, 28,High,Low,Common
174,92841,157116,92816,157533,Acute_Susceptible,1,Acute, 25,High,High,HighRisk
175,92843,157198,92819,155137,Acute_Susceptible,1,Acute, 24,High,Low,Common
176,92852,156647,92812,157040,Acute_Susceptible,1,Acute, 40,Low,Low,Common
177,92861,157393,92797,152803,Acute_Susceptible,1,Acute, 64,High,High,HighRisk
178,92871,154044,92831,157486,Acute_Susceptible,1,Acute, 40,High,High,HighRisk
179,92895,155749,92832,157506,Acute_Susceptible,1,Acute, 63,High,High,HighRisk
179,92906,155749,92832,157319,Acute_Susceptible,12,Acute, 74,High,High,HighRisk
179,92915,157319,92906,156730,Acute_Susceptible,1,Acute, 9,High,High,HighRisk
180,92913,156516,92896,157456,Acute_Susceptible,1,Acute, 17,High,Low,Common
181,92933,157675,92887,156222,Acute_Susceptible,1,Acute, 46,High,High,HighRisk
182,92947,157660,92902,156657,Acute_Susceptible,1,Acute, 45,High,High,HighRisk
183,92962,156751,92900,156489,Acute_Susceptible,1,Acute, 62,High,High,HighRisk
184,93014,157814,92990,156573,Acute_Susceptible,1,Acute, 24,High,Low,Common
185,93030,157742,93016,157440,Acute_Susceptible,1,Acute, 14,High,High,HighRisk
186,93046,157618,92997,155316,Acute_Susceptible,1,Acute, 49,High,Low,Common
187,93047,151342,93042,156619,Acute_Susceptible,1,Acute, 5,Low,Low,Common
188,93059,152201,93016,157809,Acute_Susceptible,1,Acute, 43,High,Low,Common
188,93159,152201,93016,156409,Acute_Susceptible,101,Acute, 143,High,High,HighRisk
189,93061,155643,92996,157245,Acute_Susceptible,1,Acute, 65,Low,Low,Common
190,93080,156727,92983,157493,Acute_Susceptible,1,Acute, 97,High,High,Common
191,93126,157399,92982,155912,Acute_Susceptible,1,Acute, 144,Low,Low,Common
192,93141,155989,93075,155927,Acute_Susceptible,1,Acute, 66,Low,Low,Common
193,93148,157872,93139,154558,Acute_Susceptible,1,Acute, 9,High,Low,Common
194,93162,157860,93059,157836,Acute_Susceptible,1,Acute, 103,High,High,HighRisk
195,93167,156683,93156,156969,Acute_Susceptible,1,Acute, 11,High,High,HighRisk
195,93180,156969,93167,157608,Acute_Susceptible,1,Acute, 13,High,High,HighRisk
196,93194,152338,93133,155449,Acute_Susceptible,1,Acute, 61,Low,High,Common
197,93202,156428,93200,156564,Acute_Susceptible,1,Acute, 2,High,High,Common
198,93242,156821,93219,157536,Acute_Susceptible,1,Acute, 23,Low,Low,Common
199,93262,157568,93204,157262,Acute_Susceptible,1,Acute, 58,High,Low,Common
199,93281,157568,93204,157552,Acute_Susceptible,20,Acute, 77,High,High,HighRisk
199,93303,157552,93281,157760,Acute_Susceptible,1,Acute, 22,High,High,HighRisk
200,93296,151853,93286,155688,Acute_Susceptible,1,Acute, 10,High,Low,Common
201,93316,154130,93199,157413,Acute_Susceptible,1,Acute, 117,Low,Low,Common
202,93358,158005,93256,156070,Acute_Susceptible,1,Acute, 102,High,Low,Common
203,93366,157877,93323,157843,Acute_Susceptible,1,Acute, 43,High,Low,Common
204,93371,146781,93305,157633,Acute_Susceptible,1,Acute, 66,Low,Low,Common
205,93372,157530,93332,157879,Acute_Susceptible,1,Acute, 40,High,High,HighRisk
205,93395,157530,93332,154977,Acute_Susceptible,24,Acute, 63,High,High,HighRisk
206,93389,154387,93387,154563,Acute_Susceptible,1,Acute, 2,Low,Low,Common
207,93402,157467,93334,156551,Acute_Susceptible,1,Acute, 68,High,Low,Common
208,93402,157150,93340,156702,Acute_Susceptible,1,Acute, 62,High,Low,Common
209,93436,157043,93431,157556,Acute_Susceptible,1,Acute, 5,Low,Low,Common
210,93439,155145,93428,143796,Acute_Susceptible,1,Acute, 11,High,Low,Common
211,93447,157207,93437,156279,Acute_Susceptible,1,Acute, 10,Low,Low,Common
212,93457,157587,93443,155893,Acute_Susceptible,1,Acute, 14,High,High,HighRisk
213,93460,157811,93383,156311,Acute_Susceptible,1,Acute, 77,High,High,HighRisk
213,93480,156311,93460,156471,Acute_Susceptible,1,Acute, 20,High,High,HighRisk
213,93494,156311,93460,155589,Acute_Susceptible,15,Acute, 34,High,High,HighRisk
214,93470,157917,93400,158060,Acute_Susceptible,1,Acute, 70,High,Low,Common
215,93470,158070,93423,158014,Acute_Susceptible,1,Acute, 47,High,High,HighRisk
215,93486,158014,93470,158125,Acute_Susceptible,1,Acute, 16,High,High,HighRisk
216,93511,156508,93474,155304,Acute_Susceptible,1,Acute, 37,High,Low,Common
217,93541,156457,93524,153736,Acute_Susceptible,1,Acute, 17,High,Low,Common
218,93574,158196,93549,156167,Acute_Susceptible,1,Acute, 25,High,Low,Common
219,93574,158108,93544,155625,Acute_Susceptible,1,Acute, 30,High,High,HighRisk
219,93666,155625,93574,157427,Acute_Susceptible,1,Acute, 92,High,High,HighRisk
220,93616,149620,93547,158038,Acute_Susceptible,1,Acute, 69,Low,Low,Common
221,93619,157155,93611,157941,Acute_Susceptible,1,Acute, 8,High,High,HighRisk
221,93636,157155,93611,157075,Acute_Susceptible,18,Acute, 25,High,High,HighRisk
221,93681,157941,93619,155484,Acute_Susceptible,1,Acute, 62,High,High,HighRisk
222,93621,154482,93588,158230,Acute_Susceptible,1,Acute, 33,Low,Low,Common
222,93624,158230,93621,155559,Acute_Susceptible,1,Acute, 3,Low,Low,Common
223,93628,158239,93625,156606,Acute_Susceptible,1,Acute, 3,Low,Low,Common
224,93645,155836,93572,157590,Acute_Susceptible,1,Acute, 73,High,High,HighRisk
224,93711,157590,93645,154042,Acute_Susceptible,1,Acute, 66,High,Low,Common
225,93649,154143,93563,154812,Acute_Susceptible,1,Acute, 86,Low,Low,Common
226,93677,152079,93652,157897,Acute_Susceptible,1,Acute, 25,High,High,HighRisk
227,93695,158124,93667,157286,Acute_Susceptible,1,Acute, 28,Low,Low,Common
228,93710,152106,93513,156832,Acute_Susceptible,1,Acute, 197,High,High,HighRisk
229,93729,157932,93683,157674,Acute_Susceptible,1,Acute, 46,High,Low,Common
230,93758,158194,93723,156761,Acute_Susceptible,1,Acute, 35,High,High,Common
230,93773,158194,93723,153559,Acute_Susceptible,16,Acute, 50,High,Low,Common
231,93768,158197,93755,155889,Acute_Susceptible,1,Acute, 13,High,High,HighRisk
231,93790,155889,93768,157933,Acute_Susceptible,1,Acute, 22,High,High,HighRisk
231,93868,158197,93755,156193,Acute_Susceptible,101,Acute, 113,High,Low,Common
232,93783,151813,93775,155974,Acute_Susceptible,1,Acute, 8,High,Low,Common
233,93814,155556,93779,156644,Acute_Susceptible,1,Acute, 35,High,High,HighRisk
233,93843,155556,93779,154628,Acute_Susceptible,30,Acute, 64,High,High,HighRisk
234,93824,157112,93795,156045,Acute_Susceptible,1,Acute, 29,High,Low,Common
234,93867,157112,93795,157535,Acute_Susceptible,44,Acute, 72,High,High,HighRisk
235,93827,157804,93782,157469,Acute_Susceptible,1,Acute, 45,High,Low,Common
236,93833,157786,93779,158068,Acute_Susceptible,1,Acute, 54,High,High,HighRisk
237,93835,155856,93781,158234,Acute_Susceptible,1,Acute, 54,High,High,HighRisk
238,93870,156376,93822,158368,Acute_Susceptible,1,Acute, 48,High,High,HighRisk
239,93871,158117,93813,156914,Acute_Susceptible,1,Acute, 58,High,High,HighRisk
240,93882,156913,93797,158051,Acute_Susceptible,1,Acute, 85,High,High,Common
241,93895,155690,93716,156382,Acute_Susceptible,1,Acute, 179,High,High,HighRisk
241,93900,156382,93895,158405,Acute_Susceptible,1,Acute, 5,High,High,HighRisk
241,93919,156382,93895,158383,Acute_Susceptible,20,Acute, 24,High,High,HighRisk
241,93952,155690,93716,157353,Acute_Susceptible,58,Acute, 236,High,High,HighRisk
241,93996,155690,93716,157878,Acute_Susceptible,45,Acute, 280,High,Low,Common
242,93896,157909,93807,158298,Acute_Susceptible,1,Acute, 89,High,High,HighRisk
243,93955,156786,93928,158419,Acute_Susceptible,1,Acute, 27,High,High,HighRisk
243,94157,156786,93928,158155,Acute_Susceptible,203,Acute, 229,High,High,HighRisk
243,94379,156786,93928,155786,Acute_Susceptible,223,Acute, 451,High,High,HighRisk
244,93959,158261,93752,158416,Acute_Susceptible,1,Acute, 207,Low,High,Common
245,93966,155442,93838,158069,Acute_Susceptible,1,Acute, 128,Low,Low,Common
245,93975,155442,93838,154956,Acute_Susceptible,10,Acute, 137,Low,Low,Common
246,94004,158334,93997,157546,Acute_Susceptible,1,Acute, 7,High,Low,Common
247,94011,157288,93988,157818,Acute_Susceptible,1,Acute, 23,High,Low,Common
247,94067,157288,93988,158315,Acute_Susceptible,57,Acute, 79,High,High,HighRisk
248,94018,158380,93951,157986,Acute_Susceptible,1,Acute, 67,High,High,HighRisk
249,94020,158503,93999,151220,Acute_Susceptible,1,Acute, 21,High,Low,Common
250,94054,158063,93991,157752,Acute_Susceptible,1,Acute, 63,Low,High,Common
251,94059,157858,94054,157859,Acute_Susceptible,1,Acute, 5,High,High,HighRisk
251,94061,157859,94059,155463,Acute_Susceptible,1,Acute, 2,High,Low,Common
251,94076,157859,94059,155702,Acute_Susceptible,16,Acute, 17,High,High,HighRisk
252,94072,149679,93951,158061,Acute_Susceptible,1,Acute, 121,High,High,HighRisk
253,94076,154503,94045,155437,Acute_Susceptible,1,Acute, 31,Low,Low,Common
254,94084,157537,94035,155002,Acute_Susceptible,1,Acute, 49,Low,Low,Common
255,94092,153964,94043,158370,Acute_Susceptible,1,Acute, 49,High,High,HighRisk
256,94111,157252,94026,152283,Acute_Susceptible,1,Acute, 85,High,Low,Common
257,94123,158438,94016,156022,Acute_Susceptible,1,Acute, 107,High,Low,Common
258,94140,157042,94095,158559,Acute_Susceptible,1,Acute, 45,High,Low,Common
259,94140,152404,94011,150474,Acute_Susceptible,1,Acute, 129,High,Low,Common
260,94159,158257,94147,157566,Acute_Susceptible,1,Acute, 12,High,Low,Common
261,94187,156342,94154,158564,Acute_Susceptible,1,Acute, 33,Low,High,Common
262,94230,157916,94148,158245,Acute_Susceptible,1,Acute, 82,High,High,HighRisk
263,94241,156230,94234,158630,Acute_Susceptible,1,Acute, 7,High,Low,Common
264,94242,158348,94215,158575,Acute_Susceptible,1,Acute, 27,High,High,HighRisk
265,94253,157889,94234,157464,Acute_Susceptible,1,Acute, 19,High,Low,Common
265,94299,157889,94234,157668,Acute_Susceptible,47,Acute, 65,High,Low,Common
265,94359,157889,94234,155238,Acute_Susceptible,61,Acute, 125,High,Low,Common
266,94253,157712,94186,156940,Acute_Susceptible,1,Acute, 67,High,High,HighRisk
266,94270,156940,94253,158269,Acute_Susceptible,1,Acute, 17,High,High,HighRisk
267,94273,155530,94259,156574,Acute_Susceptible,1,Acute, 14,High,High,HighRisk
268,94299,157128,94275,158465,Acute_Susceptible,1,Acute, 24,Low,Low,Common
269,94310,158639,94301,157473,Acute_Susceptible,1,Acute, 9,High,High,HighRisk
270,94336,158642,94307,158624,Acute_Susceptible,1,Acute, 29,High,High,HighRisk
271,94340,158074,94310,157816,Acute_Susceptible,1,Acute, 30,Low,High,Common
272,94341,155452,94333,157202,Acute_Susceptible,1,Acute, 8,Low,Low,Common
273,94349,158325,94277,158296,Acute_Susceptible,1,Acute, 72,High,High,HighRisk
274,94381,157819,94314,157397,Acute_Susceptible,1,Acute, 67,Low,Low,Common
275,94390,157504,94366,157248,Acute_Susceptible,1,Acute, 24,High,High,HighRisk
276,94420,158017,94362,158581,Acute_Susceptible,1,Acute, 58,High,High,HighRisk
277,94451,158342,94447,158307,Acute_Susceptible,1,Acute, 4,High,High,HighRisk
277,94494,158342,94447,157824,Acute_Susceptible,44,Acute, 47,High,Low,Common
277,94519,158342,94447,155976,Acute_Susceptible,26,Acute, 72,High,Low,Common
278,94462,158585,94450,157204,Acute_Susceptible,1,Acute, 12,Low,Low,Common
279,94474,158708,94455,158578,Acute_Susceptible,1,Acute, 19,High,High,HighRisk
280,94577,157592,94481,158802,Acute_Susceptible,1,Acute, 96,High,High,HighRisk
281,94578,156894,94490,158341,Acute_Susceptible,1,Acute, 88,Low,Low,Common
282,94622,157727,94452,158288,Acute_Susceptible,1,Acute, 170,Low,Low,Common
283,94642,158215,94621,157220,Acute_Susceptible,1,Acute, 21,High,High,HighRisk
284,94646,158878,94618,158430,Acute_Susceptible,1,Acute, 28,High,High,Common
285,94664,158650,94644,158747,Acute_Susceptible,1,Acute, 20,High,High,HighRisk
286,94676,158955,94653,158910,Acute_Susceptible,1,Acute, 23,High,High,HighRisk
287,94682,157954,94662,158687,Acute_Susceptible,1,Acute, 20,Low,Low,Common
288,94682,158116,94580,158089,Acute_Susceptible,1,Acute, 102,High,High,Common
288,94734,158116,94580,158860,Acute_Susceptible,53,Acute, 154,High,High,HighRisk
288,94748,158860,94734,158831,Acute_Susceptible,1,Acute, 14,High,Low,Common
288,94769,158116,94580,158869,Acute_Susceptible,36,Acute, 189,High,High,HighRisk
288,94774,158860,94734,154312,Acute_Susceptible,27,Acute, 40,High,Low,Common
288,94775,158089,94682,158931,Acute_Susceptible,1,Acute, 93,High,High,HighRisk
289,94690,158206,94631,157666,Acute_Susceptible,1,Acute, 59,High,High,Common
289,94704,157666,94690,158662,Acute_Susceptible,1,Acute, 14,High,High,HighRisk
290,94711,151034,94694,158972,Acute_Susceptible,1,Acute, 17,High,High,HighRisk
290,94728,151034,94694,154416,Acute_Susceptible,18,Acute, 34,High,High,HighRisk
290,94798,151034,94694,158494,Acute_Susceptible,71,Acute, 104,High,Low,Common
291,94722,158264,94677,158090,Acute_Susceptible,1,Acute, 45,Low,Low,Common
292,94743,157848,94737,158769,Acute_Susceptible,1,Acute, 6,Low,Low,Common
293,94771,158621,94757,158949,Acute_Susceptible,1,Acute, 14,Low,Low,Common
293,94845,158621,94757,158485,Acute_Susceptible,75,Acute, 88,Low,Low,Common
294,94820,156084,94811,158643,Acute_Susceptible,1,Acute, 9,High,High,Common
294,94894,156084,94811,158987,Acute_Susceptible,75,Acute, 83,High,High,HighRisk
295,94826,156289,94792,159073,Acute_Susceptible,1,Acute, 34,High,High,Common
295,94862,159073,94826,157275,Acute_Susceptible,1,Acute, 36,Low,Low,Common
296,94831,155914,94796,158728,Acute_Susceptible,1,Acute, 35,High,Low,Common
297,94849,157073,94743,158757,Acute_Susceptible,1,Acute, 106,High,High,HighRisk
298,94902,159048,94901,157057,Acute_Susceptible,1,Acute, 1,High,High,HighRisk
299,94910,156737,94861,158054,Acute_Susceptible,1,Acute, 49,Low,Low,Common
300,94932,158463,94877,158520,Acute_Susceptible,1,Acute, 55,High,High,HighRisk
300,94958,158463,94877,159145,Acute_Susceptible,27,Acute, 81,High,High,HighRisk
300,95004,159145,94958,154126,Acute_Susceptible,1,Acute, 46,High,Low,Common
301,94941,156330,94899,151631,Acute_Susceptible,1,Acute, 42,Low,Low,Common
302,94950,158754,94885,157442,Acute_Susceptible,1,Acute, 65,Low,Low,Common
303,94965,157554,94853,152427,Acute_Susceptible,1,Acute, 112,Low,Low,Common
304,94996,154921,94926,157105,Acute_Susceptible,1,Acute, 70,Low,Low,Common
305,95006,157626,94966,158109,Acute_Susceptible,1,Acute, 40,High,Low,Common
306,95009,158789,94973,156225,Acute_Susceptible,1,Acute, 36,High,Low,Common
307,95081,159204,95018,159112,Acute_Susceptible,1,Acute, 63,Low,Low,Common
308,95084,157482,95056,158606,Acute_Susceptible,1,Acute, 28,Low,High,Common
309,95119,158582,95070,158006,Acute_Susceptible,1,Acute, 49,High,High,HighRisk
309,95199,158006,95119,153487,Acute_Susceptible,1,Acute, 80,High,Low,Common
310,95165,150342,95079,157570,Acute_Susceptible,1,Acute, 86,Low,High,Common
311,95185,156920,95166,158454,Acute_Susceptible,1,Acute, 19,Low,Low,Common
312,95205,150017,95166,158951,Acute_Susceptible,1,Acute, 39,High,High,HighRisk
312,95212,158951,95205,156510,Acute_Susceptible,1,Acute, 7,High,Low,Common
312,95224,150017,95166,159133,Acute_Susceptible,20,Acute, 58,High,Low,Common
313,95219,155687,95164,157956,Acute_Susceptible,1,Acute, 55,Low,Low,Common
314,95235,156367,94980,159308,Acute_Susceptible,1,Acute, 255,High,High,HighRisk
315,95239,157766,95215,158443,Acute_Susceptible,1,Acute, 24,High,High,HighRisk
316,95244,159227,95213,159257,Acute_Susceptible,1,Acute, 31,High,High,HighRisk
316,95276,159227,95213,158871,Acute_Susceptible,33,Acute, 63,High,Low,Common
317,95252,155549,95208,157693,Acute_Susceptible,1,Acute, 44,High,Low,Common
318,95263,158734,95237,156260,Acute_Susceptible,1,Acute, 26,Low,Low,Common
319,95359,159021,95323,159426,Acute_Susceptible,1,Acute, 36,High,High,HighRisk
320,95360,159405,95353,159120,Acute_Susceptible,1,Acute, 7,High,Low,Common
321,95389,146250,95341,159176,Acute_Susceptible,1,Acute, 48,Low,High,Common
322,95389,155970,95388,157774,Acute_Susceptible,1,Acute, 1,High,High,HighRisk
323,95392,149546,95288,156346,Acute_Susceptible,1,Acute, 104,High,Low,Common
324,95429,158827,95423,159198,Acute_Susceptible,1,Acute, 6,High,High,HighRisk
324,95430,158827,95423,159027,Acute_Susceptible,2,Acute, 7,High,Low,Common
324,95491,158827,95423,158617,Acute_Susceptible,62,Acute, 68,High,Low,Common
325,95434,159019,95406,159060,Acute_Susceptible,1,Acute, 28,Low,Low,Common
326,95466,159355,95419,158205,Acute_Susceptible,1,Acute, 47,High,High,HighRisk
327,95479,158866,95409,159523,Acute_Susceptible,1,Acute, 70,High,High,HighRisk
327,95511,159523,95479,159563,Acute_Susceptible,1,Acute, 32,High,High,HighRisk
328,95487,156919,95468,153856,Acute_Susceptible,1,Acute, 19,High,Low,Common
329,95488,153721,95474,158705,Acute_Susceptible,1,Acute, 14,Low,Low,Common
330,95527,154057,95383,155219,Acute_Susceptible,1,Acute, 144,High,Low,Common
331,95550,159575,95525,159487,Acute_Susceptible,1,Acute, 25,High,High,HighRisk
332,95580,159406,95522,159283,Acute_Susceptible,1,Acute, 58,High,Low,Common
333,95590,158283,95561,158855,Acute_Susceptible,1,Acute, 29,Low,Low,Common
333,95590,158283,95561,159532,Acute_Susceptible,1,Acute, 29,Low,High,Common
334,95600,159576,95580,158719,Acute_Susceptible,1,Acute, 20,High,High,HighRisk
334,95685,159576,95580,159585,Acute_Susceptible,86,Acute, 105,High,High,HighRisk
335,95633,157947,95402,152581,Acute_Susceptible,1,Acute, 231,High,High,HighRisk
335,95655,152581,95633,158365,Acute_Susceptible,1,Acute, 22,High,Low,Common
336,95669,159016,95532,158763,Acute_Susceptible,1,Acute, 137,High,High,HighRisk
336,95701,159016,95532,159343,Acute_Susceptible,33,Acute, 169,High,High,HighRisk
336,95770,159016,95532,157523,Acute_Susceptible,70,Acute, 238,High,High,HighRisk
336,95943,157523,95770,158219,Acute_Susceptible,1,Acute, 173,High,High,HighRisk
336,95971,157523,95770,158628,Acute_Susceptible,29,Acute, 201,High,Low,Common
337,95684,159672,95683,159376,Acute_Susceptible,1,Acute, 1,High,High,HighRisk
338,95700,154680,95659,156377,Acute_Susceptible,1,Acute, 41,Low,Low,Common
339,95718,155629,95692,158649,Acute_Susceptible,1,Acute, 26,High,High,HighRisk
339,95724,155629,95692,157459,Acute_Susceptible,7,Acute, 32,High,Low,Common
339,95752,155629,95692,155157,Acute_Susceptible,29,Acute, 60,High,High,HighRisk
340,95731,158884,95673,156350,Acute_Susceptible,1,Acute, 58,Low,High,Common
341,95751,158947,95736,158092,Acute_Susceptible,1,Acute, 15,High,Low,Common
341,95817,158947,95736,158893,Acute_Susceptible,67,Acute, 81,High,High,HighRisk
342,95756,158879,95693,156302,Acute_Susceptible,1,Acute, 63,High,Low,Common
342,95777,158879,95693,151293,Acute_Susceptible,22,Acute, 84,High,High,HighRisk
342,95778,158879,95693,159350,Acute_Susceptible,2,Acute, 85,High,High,Common
343,95774,156905,95676,156103,Acute_Susceptible,1,Acute, 98,High,Low,Common
343,95843,156905,95676,158400,Acute_Susceptible,70,Acute, 167,High,Low,Common
344,95775,158533,95702,159429,Acute_Susceptible,1,Acute, 73,High,High,HighRisk
345,95789,154184,95749,150407,Acute_Susceptible,1,Acute, 40,High,High,HighRisk
346,95810,156629,95716,157322,Acute_Susceptible,1,Acute, 94,Low,Low,Common
347,95826,157029,95638,152435,Acute_Susceptible,1,Acute, 188,Low,Low,Common
348,95884,159734,95876,158761,Acute_Susceptible,1,Acute, 8,High,Low,Common
349,95926,154473,95887,158453,Acute_Susceptible,1,Acute, 39,High,Low,Common
350,95932,159126,95895,159778,Acute_Susceptible,1,Acute, 37,High,High,HighRisk
350,96426,159126,95895,156459,Acute_Susceptible,495,Acute, 531,High,High,HighRisk
350,96460,159126,95895,159449,Acute_Susceptible,35,Acute, 565,High,High,HighRisk
351,95933,150614,95927,147952,Acute_Susceptible,1,Acute, 6,High,Low,Common
351,95938,150614,95927,159825,Acute_Susceptible,6,Acute, 11,High,High,HighRisk
352,95949,159481,95911,159300,Acute_Susceptible,1,Acute, 38,High,High,HighRisk
352,95985,159300,95949,151979,Acute_Susceptible,1,Acute, 36,High,Low,Common
352,96021,159300,95949,159354,Acute_Susceptible,37,Acute, 72,High,Low,Common
353,95967,157833,95858,157106,Acute_Susceptible,1,Acute, 109,High,High,HighRisk
354,95996,159419,95954,159785,Acute_Susceptible,1,Acute, 42,High,High,HighRisk
355,96015,148789,96013,156831,Acute_Susceptible,1,Acute, 2,High,Low,Common
356,96024,159591,95947,157111,Acute_Susceptible,1,Acute, 77,High,Low,Common
357,96039,159747,96000,159399,Acute_Susceptible,1,Acute, 39,High,High,HighRisk
358,96077,157273,96063,158036,Acute_Susceptible,1,Acute, 14,High,High,HighRisk
358,96103,157273,96063,155653,Acute_Susceptible,27,Acute, 40,High,Low,Common
359,96083,157077,96067,159759,Acute_Susceptible,1,Acute, 16,High,Low,Common
360,96099,159628,96065,159700,Acute_Susceptible,1,Acute, 34,High,High,HighRisk
360,96111,159628,96065,154537,Acute_Susceptible,13,Acute, 46,High,High,HighRisk
360,96289,159700,96099,159963,Acute_Susceptible,1,Acute, 190,High,High,HighRisk
360,96347,159963,96289,158326,Acute_Susceptible,1,Acute, 58,High,High,HighRisk
361,96109,159093,96043,157543,Acute_Susceptible,1,Acute, 66,Low,Low,Common
362,96118,159631,96081,155898,Acute_Susceptible,1,Acute, 37,High,High,HighRisk
363,96121,155935,96051,154392,Acute_Susceptible,1,Acute, 70,High,Low,Common
364,96186,155850,96109,159464,Acute_Susceptible,1,Acute, 77,High,High,Common
365,96204,159742,96202,158736,Acute_Susceptible,1,Acute, 2,High,High,HighRisk
366,96220,156909,96200,158487,Acute_Susceptible,1,Acute, 20,High,High,HighRisk
366,96312,156909,96200,158273,Acute_Susceptible,93,Acute, 112,High,High,HighRisk
366,96328,156909,96200,159139,Acute_Susceptible,17,Acute, 128,High,High,HighRisk
366,96373,156909,96200,159092,Acute_Susceptible,46,Acute, 173,High,Low,Common
367,96242,156907,96217,159930,Acute_Susceptible,1,Acute, 25,High,High,HighRisk
368,96275,157642,96268,154037,Acute_Susceptible,1,Acute, 7,High,High,HighRisk
368,96292,157642,96268,158093,Acute_Susceptible,18,Acute, 24,High,Low,Common
369,96277,158766,96213,157253,Acute_Susceptible,1,Acute, 64,Low,Low,Common
369,96288,158766,96213,159966,Acute_Susceptible,12,Acute, 75,Low,High,Common
370,96281,160026,96275,156518,Acute_Susceptible,1,Acute, 6,High,Low,Common
370,96351,160026,96275,159633,Acute_Susceptible,71,Acute, 76,High,Low,Common
371,96287,160011,96254,156196,Acute_Susceptible,1,Acute, 33,High,Low,Common
372,96292,159530,96174,159623,Acute_Susceptible,1,Acute, 118,Low,Low,Common
373,96293,159707,96273,159095,Acute_Susceptible,1,Acute, 20,High,Low,Common
374,96315,159982,96199,159268,Acute_Susceptible,1,Acute, 116,High,High,HighRisk
375,96338,154475,96237,156585,Acute_Susceptible,1,Acute, 101,High,High,HighRisk
376,96340,159353,96306,159844,Acute_Susceptible,1,Acute, 34,Low,Low,Common
377,96376,159329,96355,158154,Acute_Susceptible,1,Acute, 21,High,Low,Common
378,96387,159819,96356,159887,Acute_Susceptible,1,Acute, 31,High,Low,Common
378,96430,159819,96356,155349,Acute_Susceptible,44,Acute, 74,High,High,HighRisk
378,96444,159887,96387,159526,Acute_Susceptible,1,Acute, 57,Low,Low,Common
379,96389,158707,96387,159221,Acute_Susceptible,1,Acute, 2,High,Low,Common
379,96394,158707,96387,159555,Acute_Susceptible,6,Acute, 7,High,High,HighRisk
380,96406,155724,96381,156156,Acute_Susceptible,1,Acute, 25,High,High,HighRisk
380,96454,156156,96406,159510,Acute_Susceptible,1,Acute, 48,High,High,HighRisk
380,96512,159510,96454,157196,Acute_Susceptible,1,Acute, 58,High,High,HighRisk
381,96421,157115,96392,159486,Acute_Susceptible,1,Acute, 29,High,High,HighRisk
382,96434,156611,96412,157503,Acute_Susceptible,1,Acute, 22,High,High,HighRisk
383,96437,158592,96344,157448,Acute_Susceptible,1,Acute, 93,High,High,HighRisk
384,96453,159123,96213,155772,Acute_Susceptible,1,Acute, 240,Low,Low,Common
385,96463,159238,96401,159569,Acute_Susceptible,1,Acute, 62,High,High,HighRisk
385,96528,159238,96401,160150,Acute_Susceptible,66,Acute, 127,High,Low,Common
386,96464,157646,96433,160155,Acute_Susceptible,1,Acute, 31,High,High,HighRisk
386,96473,160155,96464,158523,Acute_Susceptible,1,Acute, 9,High,High,HighRisk
386,96489,160155,96464,159933,Acute_Susceptible,17,Acute, 25,High,High,HighRisk
387,96520,158576,96449,155943,Acute_Susceptible,1,Acute, 71,High,Low,Common
387,96549,158576,96449,152906,Acute_Susceptible,30,Acute, 100,High,Low,Common
388,96554,153478,96530,155242,Acute_Susceptible,1,Acute, 24,High,High,HighRisk
389,96573,159736,96324,159829,Acute_Susceptible,1,Acute, 249,High,High,HighRisk
389,96583,159736,96324,159075,Acute_Susceptible,11,Acute, 259,High,High,HighRisk
389,96588,159736,96324,160202,Acute_Susceptible,6,Acute, 264,High,High,HighRisk
389,96669,159075,96583,159754,Acute_Susceptible,1,Acute, 86,High,High,HighRisk
389,96681,159754,96669,157148,Acute_Susceptible,1,Acute, 12,High,Low,Common
390,96582,158776,96574,158373,Acute_Susceptible,1,Acute, 8,Low,Low,Common
391,96582,159167,96572,155704,Acute_Susceptible,1,Acute, 10,High,High,HighRisk
392,96605,157678,96560,156841,Acute_Susceptible,1,Acute, 45,Low,Low,Common
393,96622,159413,96598,158052,Acute_Susceptible,1,Acute, 24,Low,Low,Common
394,96636,159348,96603,160272,Acute_Susceptible,1,Acute, 33,High,High,HighRisk
395,96691,157445,96581,160333,Acute_Susceptible,1,Acute, 110,Low,High,Common
396,96694,159037,96650,159809,Acute_Susceptible,1,Acute, 44,High,Low,Common
397,96697,159916,96654,159665,Acute_Susceptible,1,Acute, 43,High,Low,Common
398,96706,160092,96663,160190,Acute_Susceptible,1,Acute, 43,High,High,HighRisk
398,96710,160092,96663,155599,Acute_Susceptible,5,Acute, 47,High,Low,Common
398,96875,160092,96663,157639,Acute_Susceptible,166,Acute, 212,High,High,HighRisk
399,96708,159103,96661,160300,Acute_Susceptible,1,Acute, 47,Low,Low,Common
400,96724,159936,96648,160172,Acute_Susceptible,1,Acute, 76,High,High,HighRisk
401,96773,159834,96771,156565,Acute_Susceptible,1,Acute, 2,High,High,HighRisk
401,96929,156565,96773,159011,Acute_Susceptible,1,Acute, 156,High,High,HighRisk
401,96939,159011,96929,159728,Acute_Susceptible,1,Acute, 10,High,Low,Common
401,96955,159011,96929,160255,Acute_Susceptible,17,Acute, 26,High,High,HighRisk
401,96982,159011,96929,159147,Acute_Susceptible,28,Acute, 53,High,High,HighRisk
401,97022,159147,96982,160221,Acute_Susceptible,1,Acute, 40,High,High,HighRisk
402,96811,156479,96789,158398,Acute_Susceptible,1,Acute, 22,Low,Low,Common
403,96831,156984,96760,152172,Acute_Susceptible,1,Acute, 71,High,Low,Common
404,96834,158429,96767,159603,Acute_Susceptible,1,Acute, 67,High,Low,Common
405,96836,159572,96817,157900,Acute_Susceptible,1,Acute, 19,High,Low,Common
405,96852,159572,96817,158168,Acute_Susceptible,17,Acute, 35,High,High,HighRisk
406,96839,155337,96838,159402,Acute_Susceptible,1,Acute, 1,High,High,HighRisk
407,96879,160224,96811,159367,Acute_Susceptible,1,Acute, 68,High,High,HighRisk
408,96881,158548,96865,148333,Acute_Susceptible,1,Acute, 16,Low,Low,Common
409,96887,159222,96829,159806,Acute_Susceptible,1,Acute, 58,High,High,HighRisk
409,96948,159806,96887,156983,Acute_Susceptible,1,Acute, 61,High,Low,Common
409,96994,159806,96887,159333,Acute_Susceptible,47,Acute, 107,High,High,HighRisk
410,96896,160008,96847,158414,Acute_Susceptible,1,Acute, 49,High,High,HighRisk
411,96904,159306,96890,158788,Acute_Susceptible,1,Acute, 14,High,Low,Common
411,96908,159306,96890,159542,Acute_Susceptible,5,Acute, 18,High,Low,Common
412,96933,160088,96926,158246,Acute_Susceptible,1,Acute, 7,High,High,HighRisk
412,96962,158246,96933,156772,Acute_Susceptible,1,Acute, 29,High,High,HighRisk
412,96982,158246,96933,155418,Acute_Susceptible,21,Acute, 49,High,Low,Common
412,97030,158246,96933,157161,Acute_Susceptible,49,Acute, 97,Low,Low,Common
413,96935,155384,96898,159174,Acute_Susceptible,1,Acute, 37,High,High,HighRisk
413,97025,155384,96898,160004,Acute_Susceptible,91,Acute, 127,High,High,HighRisk
413,97035,155384,96898,160038,Acute_Susceptible,11,Acute, 137,High,High,HighRisk
414,96970,160426,96958,157000,Acute_Susceptible,1,Acute, 12,High,High,HighRisk
415,96988,160297,96784,160453,Acute_Susceptible,1,Acute, 204,High,High,HighRisk
415,96993,160297,96784,155376,Acute_Susceptible,6,Acute, 209,High,High,HighRisk
415,96997,155376,96993,158034,Acute_Susceptible,1,Acute, 4,High,High,Common
416,96998,160329,96981,152289,Acute_Susceptible,1,Acute, 17,High,High,HighRisk
416,97046,152289,96998,159041,Acute_Susceptible,1,Acute, 48,High,High,HighRisk
417,97011,160025,96994,159058,Acute_Susceptible,1,Acute, 17,Low,Low,Common
418,97025,160532,97009,159891,Acute_Susceptible,1,Acute, 16,High,Low,Common
418,97048,160532,97009,159339,Acute_Susceptible,24,Acute, 39,High,High,HighRisk
419,97026,156521,97000,146011,Acute_Susceptible,1,Acute, 26,High,High,HighRisk
419,97084,156521,97000,160246,Acute_Susceptible,59,Acute, 84,High,High,HighRisk
419,97177,160246,97084,159902,Acute_Susceptible,1,Acute, 93,High,High,HighRisk
420,97061,160016,97035,159443,Acute_Susceptible,1,Acute, 26,High,Low,Common
421,97070,156740,97047,160524,Acute_Susceptible,1,Acute, 23,High,High,HighRisk
421,97078,156740,97047,160444,Acute_Susceptible,9,Acute, 31,High,High,HighRisk
421,97119,156740,97047,157719,Acute_Susceptible,42,Acute, 72,High,High,HighRisk
421,97145,160524,97070,160522,Acute_Susceptible,1,Acute, 75,Low,Low,Common
422,97072,158278,96991,155601,Acute_Susceptible,1,Acute, 81,High,High,HighRisk
422,97072,158278,96991,154942,Acute_Susceptible,1,Acute, 81,High,High,HighRisk
422,97133,155601,97072,160216,Acute_Susceptible,1,Acute, 61,High,Low,Common
423,97100,160459,97082,160390,Acute_Susceptible,1,Acute, 18,High,High,HighRisk
423,97282,160390,97100,160068,Acute_Susceptible,1,Acute, 182,High,Low,Common
424,97143,159870,97112,159514,Acute_Susceptible,1,Acute, 31,Low,Low,Common
425,97148,160070,97139,160498,Acute_Susceptible,1,Acute, 9,High,High,HighRisk
426,97177,160602,97105,157643,Acute_Susceptible,1,Acute, 72,High,Low,Common
427,97177,160638,97162,158040,Acute_Susceptible,1,Acute, 15,High,High,HighRisk
428,97188,160295,97154,159943,Acute_Susceptible,1,Acute, 34,High,High,HighRisk
429,97190,160620,97117,160413,Acute_Susceptible,1,Acute, 73,High,High,HighRisk
430,97198,160433,97126,157156,Acute_Susceptible,1,Acute, 72,High,High,HighRisk
431,97244,160056,97206,159525,Acute_Susceptible,1,Acute, 38,Low,Low,Common
432,97247,160374,97220,158142,Acute_Susceptible,1,Acute, 27,High,High,HighRisk
433,97268,155177,97221,160273,Acute_Susceptible,1,Acute, 47,Low,Low,Common
434,97282,160584,97256,159383,Acute_Susceptible,1,Acute, 26,High,High,HighRisk
434,97340,160584,97256,157229,Acute_Susceptible,59,Acute, 84,High,High,HighRisk
435,97283,159618,97198,160527,Acute_Susceptible,1,Acute, 85,High,High,HighRisk
436,97295,153387,97244,158469,Acute_Susceptible,1,Acute, 51,Low,Low,Common
437,97306,158115,97283,160113,Acute_Susceptible,1,Acute, 23,High,Low,Common
438,97321,157080,97305,160122,Acute_Susceptible,1,Acute, 16,High,Low,Common
439,97347,157976,97342,158553,Acute_Susceptible,1,Acute, 5,High,High,HighRisk
439,97360,158553,97347,157092,Acute_Susceptible,1,Acute, 13,High,High,HighRisk
440,97355,160600,97244,160210,Acute_Susceptible,1,Acute, 111,High,Low,Common
441,97364,160770,97346,158220,Acute_Susceptible,1,Acute, 18,High,Low,Common
442,97383,158222,97351,158715,Acute_Susceptible,1,Acute, 32,High,High,HighRisk
442,97401,158715,97383,155675,Acute_Susceptible,1,Acute, 18,High,High,HighRisk
442,97420,155675,97401,160709,Acute_Susceptible,1,Acute, 19,High,High,HighRisk
443,97388,160661,97316,160171,Acute_Susceptible,1,Acute, 72,High,Low,Common
444,97407,158078,97289,159190,Acute_Susceptible,1,Acute, 118,Low,Low,Common
445,97413,160710,97369,157497,Acute_Susceptible,1,Acute, 44,High,High,Common
446,97425,160340,97417,160732,Acute_Susceptible,1,Acute, 8,High,High,HighRisk
446,97520,160340,97417,159907,Acute_Susceptible,96,Acute, 103,High,Low,Common
447,97455,155891,97399,160823,Acute_Susceptible,1,Acute, 56,High,High,HighRisk
448,97462,157377,97404,158451,Acute_Susceptible,1,Acute, 58,Low,Low,Common
449,97489,150931,97482,159973,Acute_Susceptible,1,Acute, 7,High,Low,Common
449,97492,150931,97482,160173,Acute_Susceptible,4,Acute, 10,High,High,HighRisk
449,97582,160173,97492,159382,Acute_Susceptible,1,Acute, 90,High,High,HighRisk
450,97504,159500,97503,160825,Acute_Susceptible,1,Acute, 1,High,High,HighRisk
451,97510,160684,97460,154449,Acute_Susceptible,1,Acute, 50,Low,Low,Common
452,97532,160734,97528,160699,Acute_Susceptible,1,Acute, 4,High,High,HighRisk
453,97543,160503,97472,158737,Acute_Susceptible,1,Acute, 71,High,High,HighRisk
453,97563,160503,97472,159571,Acute_Susceptible,21,Acute, 91,High,High,HighRisk
453,97569,160503,97472,158852,Acute_Susceptible,7,Acute, 97,High,Low,Common
454,97551,160153,97547,160641,Acute_Susceptible,1,Acute, 4,High,High,HighRisk
454,97574,160153,97547,153338,Acute_Susceptible,24,Acute, 27,High,Low,Common
455,97568,160476,97528,157264,Acute_Susceptible,1,Acute, 40,High,High,HighRisk
455,97695,160476,97528,160837,Acute_Susceptible,128,Acute, 167,High,High,HighRisk
456,97629,158572,97589,156659,Acute_Susceptible,1,Acute, 40,Low,Low,Common
457,97702,153825,97688,158272,Acute_Susceptible,1,Acute, 14,High,Low,Common
458,97707,160958,97674,158692,Acute_Susceptible,1,Acute, 33,Low,Low,Common
459,97727,159990,97708,155838,Acute_Susceptible,1,Acute, 19,High,High,HighRisk
459,97740,155838,97727,160856,Acute_Susceptible,1,Acute, 13,High,High,HighRisk
459,97744,160856,97740,160916,Acute_Susceptible,1,Acute, 4,High,High,HighRisk
459,97749,155838,97727,160609,Acute_Susceptible,10,Acute, 22,High,High,HighRisk
459,97788,160609,97749,159296,Acute_Susceptible,1,Acute, 39,High,Low,Common
459,97833,160916,97744,161099,Acute_Susceptible,1,Acute, 89,High,High,HighRisk
459,97872,161099,97833,159288,Acute_Susceptible,1,Acute, 39,High,High,HighRisk
460,97732,159045,97726,160909,Acute_Susceptible,1,Acute, 6,High,High,HighRisk
460,97778,159045,97726,157255,Acute_Susceptible,47,Acute, 52,High,High,HighRisk
461,97762,160895,97689,160382,Acute_Susceptible,1,Acute, 73,High,Low,Common
461,97775,160895,97689,153870,Acute_Susceptible,14,Acute, 86,High,Low,Common
461,97812,160382,97762,160536,Acute_Susceptible,1,Acute, 50,Low,Low,Common
462,97765,160381,97758,149792,Acute_Susceptible,1,Acute, 7,High,Low,Common
463,97790,159470,97673,158718,Acute_Susceptible,1,Acute, 117,High,High,HighRisk
464,97795,156179,97746,160777,Acute_Susceptible,1,Acute, 49,Low,Low,Common
465,97828,158752,97711,161006,Acute_Susceptible,1,Acute, 117,High,High,HighRisk
466,97835,160069,97791,158091,Acute_Susceptible,1,Acute, 44,High,Low,Common
466,97843,160069,97791,161038,Acute_Susceptible,9,Acute, 52,High,High,HighRisk
466,97997,161038,97843,154237,Acute_Susceptible,1,Acute, 154,High,High,HighRisk
466,98017,154237,97997,159904,Acute_Susceptible,1,Acute, 20,High,High,HighRisk
466,98087,161038,97843,160104,Acute_Susceptible,91,Acute, 244,High,High,HighRisk
467,97836,159792,97812,161060,Acute_Susceptible,1,Acute, 24,Low,Low,Common
468,97853,161042,97802,160887,Acute_Susceptible,1,Acute, 51,High,High,HighRisk
469,97865,157421,97835,154034,Acute_Susceptible,1,Acute, 30,High,Low,Common
470,97867,155872,97773,155560,Acute_Susceptible,1,Acute, 94,High,High,HighRisk
471,97869,160894,97840,154764,Acute_Susceptible,1,Acute, 29,High,Low,Common
472,97871,160800,97645,160749,Acute_Susceptible,1,Acute, 226,High,High,HighRisk
472,97933,160749,97871,160877,Acute_Susceptible,1,Acute, 62,High,High,HighRisk
472,98009,160800,97645,159564,Acute_Susceptible,139,Acute, 364,High,High,HighRisk
473,97875,161126,97848,159922,Acute_Susceptible,1,Acute, 27,High,High,HighRisk
474,97905,161120,97889,158366,Acute_Susceptible,1,Acute, 16,High,High,HighRisk
475,97910,160437,97802,153230,Acute_Susceptible,1,Acute, 108,Low,Low,Common
475,97960,153230,97910,160486,Acute_Susceptible,1,Acute, 50,Low,Low,Common
475,97985,153230,97910,160350,Acute_Susceptible,26,Acute, 75,Low,Low,Common
476,97963,160452,97942,160965,Acute_Susceptible,1,Acute, 21,High,High,HighRisk
477,97964,159978,97921,161067,Acute_Susceptible,1,Acute, 43,Low,Low,Common
477,97995,161067,97964,158466,Acute_Susceptible,1,Acute, 31,Low,Low,Common
478,97968,160213,97912,159816,Acute_Susceptible,1,Acute, 56,Low,Low,Common
479,97969,161152,97880,158077,Acute_Susceptible,1,Acute, 89,High,High,HighRisk
480,97985,158018,97941,158180,Acute_Susceptible,1,Acute, 44,Low,Low,Common
480,97995,158018,97941,154151,Acute_Susceptible,11,Acute, 54,Low,Low,Common
480,98028,154151,97995,159498,Acute_Susceptible,1,Acute, 33,Low,Low,Common
480,98117,154151,97995,160364,Acute_Susceptible,90,Acute, 122,Low,Low,Common
481,97991,152587,97901,159833,Acute_Susceptible,1,Acute, 90,High,High,HighRisk
481,97992,159833,97991,159944,Acute_Susceptible,1,Acute, 1,High,High,HighRisk
481,98014,159944,97992,160879,Acute_Susceptible,1,Acute, 22,High,Low,Common
482,98009,157110,97964,161227,Acute_Susceptible,1,Acute, 45,High,High,HighRisk
483,98036,157869,98020,155951,Acute_Susceptible,1,Acute, 16,Low,Low,Common
483,98058,157869,98020,154843,Acute_Susceptible,23,Acute, 38,Low,Low,Common
484,98077,159151,98036,161217,Acute_Susceptible,1,Acute, 41,High,High,HighRisk
485,98083,158198,97972,160755,Acute_Susceptible,1,Acute, 111,High,High,HighRisk
486,98091,159010,98079,157563,Acute_Susceptible,1,Acute, 12,Low,Low,Common
487,98112,157761,98050,160581,Acute_Susceptible,1,Acute, 62,High,Low,Common
488,98113,159352,98098,159274,Acute_Susceptible,1,Acute, 15,High,Low,Common
489,98131,161145,98122,157785,Acute_Susceptible,1,Acute, 9,High,Low,Common
490,98134,159318,98067,158083,Acute_Susceptible,1,Acute, 67,High,Low,Common
491,98165,156502,98136,161034,Acute_Susceptible,1,Acute, 29,High,High,HighRisk
491,98174,156502,98136,155933,Acute_Susceptible,10,Acute, 38,High,Low,Common
492,98171,155492,98165,159855,Acute_Susceptible,1,Acute, 6,Low,Low,Common
493,98181,160228,98157,160862,Acute_Susceptible,1,Acute, 24,High,High,HighRisk
493,98206,160228,98157,158886,Acute_Susceptible,26,Acute, 49,High,High,HighRisk
494,98211,160768,98210,158608,Acute_Susceptible,1,Acute, 1,Low,Low,Common
495,98236,159629,98170,161331,Acute_Susceptible,1,Acute, 66,High,High,HighRisk
495,98265,161331,98236,158604,Acute_Susceptible,1,Acute, 29,High,High,Common
495,98282,161331,98236,161001,Acute_Susceptible,18,Acute, 46,High,High,HighRisk
495,98370,161001,98282,159256,Acute_Susceptible,1,Acute, 88,High,High,HighRisk
496,98244,158971,98224,159359,Acute_Susceptible,1,Acute, 20,Low,Low,Common
497,98255,159469,98240,158537,Acute_Susceptible,1,Acute, 15,High,High,HighRisk
497,98300,159469,98240,157953,Acute_Susceptible,46,Acute, 60,High,High,HighRisk
498,98269,161328,98257,160091,Acute_Susceptible,1,Acute, 12,High,Low,Common
498,98299,161328,98257,160028,Acute_Susceptible,31,Acute, 42,High,High,HighRisk
499,98270,159893,98254,159835,Acute_Susceptible,1,Acute, 16,Low,Low,Common
500,98345,161023,98289,159282,Acute_Susceptible,1,Acute, 56,Low,Low,Common
501,98351,160148,98340,158382,Acute_Susceptible,1,Acute, 11,High,Low,Common
502,98355,161105,98343,161336,Acute_Susceptible,1,Acute, 12,High,High,HighRisk
503,98357,161465,98356,161245,Acute_Susceptible,1,Acute, 1,High,High,HighRisk
504,98358,161408,98341,161175,Acute_Susceptible,1,Acute, 17,High,High,HighRisk
505,98373,160366,98282,161396,Acute_Susceptible,1,Acute, 91,High,High,HighRisk
506,98384,155093,98371,159410,Acute_Susceptible,1,Acute, 13,Low,Low,Common
507,98384,160267,98261,159836,Acute_Susceptible,1,Acute, 123,High,Low,Common
508,98389,161417,98315,161195,Acute_Susceptible,1,Acute, 74,High,High,HighRisk
509,98419,161385,98319,157662,Acute_Susceptible,1,Acute, 100,High,Low,Common
510,98427,160447,98204,160959,Acute_Susceptible,1,Acute, 223,High,High,HighRisk
511,98469,160756,98426,159642,Acute_Susceptible,1,Acute, 43,Low,Low,Common
512,98482,158854,98463,159473,Acute_Susceptible,1,Acute, 19,High,Low,Common
513,98484,161000,98454,161161,Acute_Susceptible,1,Acute, 30,High,High,HighRisk
513,98602,161161,98484,161300,Acute_Susceptible,1,Acute, 118,High,Low,Common
514,98498,160815,98471,161155,Acute_Susceptible,1,Acute, 27,High,Low,Common
515,98498,159412,98349,160191,Acute_Susceptible,1,Acute, 149,High,High,HighRisk
515,98565,160191,98498,160864,Acute_Susceptible,1,Acute, 67,High,High,HighRisk
516,98525,159705,98504,158356,Acute_Susceptible,1,Acute, 21,High,Low,Common
517,98530,160030,98515,159683,Acute_Susceptible,1,Acute, 15,Low,Low,Common
517,98535,159683,98530,160691,Acute_Susceptible,1,Acute, 5,Low,Low,Common
518,98557,160336,98476,159368,Acute_Susceptible,1,Acute, 81,High,High,HighRisk
518,98561,160336,98476,154311,Acute_Susceptible,5,Acute, 85,High,High,HighRisk
518,98579,154311,98561,161576,Acute_Susceptible,1,Acute, 18,High,High,HighRisk
518,98609,154311,98561,161163,Acute_Susceptible,31,Acute, 48,High,High,HighRisk
519,98606,150095,98592,161234,Acute_Susceptible,1,Acute, 14,High,Low,Common
520,98608,155513,98606,161361,Acute_Susceptible,1,Acute, 2,High,Low,Common
521,98612,158190,98576,157132,Acute_Susceptible,1,Acute, 36,Low,Low,Common
522,98640,161458,98635,161448,Acute_Susceptible,1,Acute, 5,High,High,HighRisk
523,98641,160003,98583,155762,Acute_Susceptible,1,Acute, 58,Low,Low,Common
524,98641,156918,98617,160358,Acute_Susceptible,1,Acute, 24,Low,High,Common
525,98648,160692,98605,161366,Acute_Susceptible,1,Acute, 43,High,High,HighRisk
525,98733,161366,98648,158612,Acute_Susceptible,1,Acute, 85,High,Low,Common
526,98752,160597,98718,153449,Acute_Susceptible,1,Acute, 34,Low,Low,Common
527,98754,157545,98685,160438,Acute_Susceptible,1,Acute, 69,Low,High,Common
528,98754,161514,98656,161646,Acute_Susceptible,1,Acute, 98,High,High,HighRisk
528,98806,161514,98656,161541,Acute_Susceptible,53,Acute, 150,High,High,HighRisk
529,98783,160127,98771,158183,Acute_Susceptible,1,Acute, 12,Low,Low,Common
530,98787,161454,98746,160918,Acute_Susceptible,1,Acute, 41,High,High,HighRisk
531,98798,161648,98793,157894,Acute_Susceptible,1,Acute, 5,High,High,HighRisk
532,98820,161323,98787,161710,Acute_Susceptible,1,Acute, 33,High,High,HighRisk
533,98828,156865,98747,158339,Acute_Susceptible,1,Acute, 81,Low,Low,Common
534,98841,161703,98792,161048,Acute_Susceptible,1,Acute, 49,Low,Low,Common
535,98848,161345,98692,160457,Acute_Susceptible,1,Acute, 156,Low,Low,Common
536,98852,161590,98838,161076,Acute_Susceptible,1,Acute, 14,Low,Low,Common
537,98867,161078,98864,159657,Acute_Susceptible,1,Acute, 3,Low,Low,Common
538,98869,161573,98863,159389,Acute_Susceptible,1,Acute, 6,High,High,HighRisk
538,98931,159389,98869,161086,Acute_Susceptible,1,Acute, 62,High,High,HighRisk
538,99035,159389,98869,161871,Acute_Susceptible,105,Acute, 166,High,High,HighRisk
539,98881,159735,98826,161726,Acute_Susceptible,1,Acute, 55,High,Low,Common
540,98899,160261,98839,161759,Acute_Susceptible,1,Acute, 60,High,High,HighRisk
541,98935,159316,98897,159579,Acute_Susceptible,1,Acute, 38,Low,Low,Common
541,98953,159316,98897,160850,Acute_Susceptible,19,Acute, 56,Low,Low,Common
542,98938,161812,98922,159957,Acute_Susceptible,1,Acute, 16,High,Low,Common
543,98953,161746,98943,156532,Acute_Susceptible,1,Acute, 10,High,Low,Common
544,98981,161447,98918,161445,Acute_Susceptible,1,Acute, 63,High,High,HighRisk
545,98988,160264,98984,160505,Acute_Susceptible,1,Acute, 4,Low,Low,Common
546,99045,161410,98991,160875,Acute_Susceptible,1,Acute, 54,High,Low,Common
546,99072,161410,98991,161089,Acute_Susceptible,28,Acute, 81,High,High,HighRisk
547,99054,160363,99044,159309,Acute_Susceptible,1,Acute, 10,High,High,Common
548,99092,161420,99083,161104,Acute_Susceptible,1,Acute, 9,High,High,HighRisk
548,99107,161420,99083,161798,Acute_Susceptible,16,Acute, 24,High,High,HighRisk
549,99101,159729,98907,157927,Acute_Susceptible,1,Acute, 194,High,High,HighRisk
550,99118,154116,99062,161165,Acute_Susceptible,1,Acute, 56,High,High,HighRisk
551,99126,160443,99094,161022,Acute_Susceptible,1,Acute, 32,Low,Low,Common
552,99141,161916,99114,160567,Acute_Susceptible,1,Acute, 27,High,Low,Common
553,99144,161040,99075,160159,Acute_Susceptible,1,Acute, 69,Low,Low,Common
554,99164,155620,99137,161932,Acute_Susceptible,1,Acute, 27,High,High,HighRisk
555,99174,160534,99092,161309,Acute_Susceptible,1,Acute, 82,High,Low,Common
556,99211,158218,99130,160518,Acute_Susceptible,1,Acute, 81,High,High,HighRisk
556,99218,158218,99130,158702,Acute_Susceptible,8,Acute, 88,High,Low,Common
557,99214,161588,99185,157892,Acute_Susceptible,1,Acute, 29,High,Low,Common
557,99237,157892,99214,160657,Acute_Susceptible,1,Acute, 23,Low,Low,Common
558,99217,161875,99211,160415,Acute_Susceptible,1,Acute, 6,High,Low,Common
559,99230,161854,99205,159655,Acute_Susceptible,1,Acute, 25,High,High,HighRisk
560,99237,161754,99231,160450,Acute_Susceptible,1,Acute, 6,High,Low,Common
561,99269,162010,99164,161936,Acute_Susceptible,1,Acute, 105,High,High,HighRisk
562,99271,161235,99270,161491,Acute_Susceptible,1,Acute, 1,High,High,HighRisk
563,99272,161137,99231,160643,Acute_Susceptible,1,Acute, 41,High,Low,Common
564,99285,161852,99282,158305,Acute_Susceptible,1,Acute, 3,High,Low,Common
564,99389,161852,99282,161747,Acute_Susceptible,105,Acute, 107,High,High,HighRisk
565,99298,161850,99297,161828,Acute_Susceptible,1,Acute, 1,High,High,HighRisk
566,99339,159357,99304,161426,Acute_Susceptible,1,Acute, 35,High,High,HighRisk
566,99351,159357,99304,161896,Acute_Susceptible,13,Acute, 47,High,High,HighRisk
566,99445,159357,99304,161472,Acute_Susceptible,95,Acute, 141,High,High,HighRisk
566,99556,161472,99445,162028,Acute_Susceptible,1,Acute, 111,High,High,HighRisk
566,99587,161472,99445,162070,Acute_Susceptible,32,Acute, 142,High,High,HighRisk
566,99647,161472,99445,161203,Acute_Susceptible,61,Acute, 202,High,Low,Common
567,99358,160149,99346,162113,Acute_Susceptible,1,Acute, 12,High,Low,Common
568,99374,162020,99312,162098,Acute_Susceptible,1,Acute, 62,High,High,HighRisk
568,99424,162098,99374,162077,Acute_Susceptible,1,Acute, 50,High,High,HighRisk
569,99401,160564,99344,159047,Acute_Susceptible,1,Acute, 57,Low,Low,Common
569,99560,159047,99401,162215,Acute_Susceptible,1,Acute, 159,Low,Low,Common
570,99404,161431,99380,160548,Acute_Susceptible,1,Acute, 24,High,High,HighRisk
570,99416,161431,99380,162185,Acute_Susceptible,13,Acute, 36,High,High,HighRisk
570,99434,162185,99416,162007,Acute_Susceptible,1,Acute, 18,High,High,HighRisk
570,99538,162185,99416,156062,Acute_Susceptible,105,Acute, 122,High,Low,Common
570,99544,156062,99538,157425,Acute_Susceptible,1,Acute, 6,Low,High,Common
571,99409,161724,99403,161863,Acute_Susceptible,1,Acute, 6,High,High,HighRisk
572,99413,162038,99370,161993,Acute_Susceptible,1,Acute, 43,High,High,HighRisk
572,99485,161993,99413,161563,Acute_Susceptible,1,Acute, 72,High,High,HighRisk
573,99473,161957,99468,161230,Acute_Susceptible,1,Acute, 5,High,Low,Common
574,99561,161591,99489,156447,Acute_Susceptible,1,Acute, 72,High,Low,Common
575,99577,161578,99572,161319,Acute_Susceptible,1,Acute, 5,Low,Low,Common
576,99594,156917,99590,158679,Acute_Susceptible,1,Acute, 4,High,Low,Common
576,99623,156917,99590,160733,Acute_Susceptible,30,Acute, 33,High,Low,Common
577,99598,162192,99585,162256,Acute_Susceptible,1,Acute, 13,High,High,Common
578,99606,162063,99559,161964,Acute_Susceptible,1,Acute, 47,High,High,HighRisk
578,99611,161964,99606,154664,Acute_Susceptible,1,Acute, 5,High,Low,Common
578,99713,161964,99606,161638,Acute_Susceptible,103,Acute, 107,High,Low,Common
578,99789,161964,99606,162328,Acute_Susceptible,77,Acute, 183,High,High,HighRisk
578,99793,162328,99789,160474,Acute_Susceptible,1,Acute, 4,High,Low,Common
579,99613,162279,99583,161985,Acute_Susceptible,1,Acute, 30,High,High,HighRisk
579,99830,161985,99613,162000,Acute_Susceptible,1,Acute, 217,High,High,Common
579,99840,162000,99830,161151,Acute_Susceptible,1,Acute, 10,High,Low,Common
580,99638,162119,99610,159366,Acute_Susceptible,1,Acute, 28,Low,Low,Common
581,99638,156296,99414,162067,Acute_Susceptible,1,Acute, 224,Low,High,Common
582,99643,159468,99637,160117,Acute_Susceptible,1,Acute, 6,Low,Low,Common
583,99649,161284,99594,162372,Acute_Susceptible,1,Acute, 55,High,High,HighRisk
584,99650,160298,99606,156407,Acute_Susceptible,1,Acute, 44,High,Low,Common
585,99654,159560,99622,161967,Acute_Susceptible,1,Acute, 32,High,High,HighRisk
586,99654,161793,99590,162161,Acute_Susceptible,1,Acute, 64,High,High,HighRisk
587,99658,155950,99592,162008,Acute_Susceptible,1,Acute, 66,High,High,HighRisk
588,99688,162090,99535,161968,Acute_Susceptible,1,Acute, 153,High,High,HighRisk
589,99712,159709,99667,160146,Acute_Susceptible,1,Acute, 45,High,High,HighRisk
589,99797,160146,99712,158601,Acute_Susceptible,1,Acute, 85,High,Low,Common
590,99727,161752,99677,157718,Acute_Susceptible,1,Acute, 50,High,Low,Common
590,99739,161752,99677,158610,Acute_Susceptible,13,Acute, 62,High,Low,Common
591,99732,161511,99645,160857,Acute_Susceptible,1,Acute, 87,Low,Low,Common
592,99732,158723,99683,162062,Acute_Susceptible,1,Acute, 49,High,High,HighRisk
593,99748,156605,99736,161118,Acute_Susceptible,1,Acute, 12,High,High,HighRisk
594,99799,162252,99792,162331,Acute_Susceptible,1,Acute, 7,High,High,HighRisk
595,99814,161859,99809,157739,Acute_Susceptible,1,Acute, 5,High,Low,Common
595,99875,161859,99809,162339,Acute_Susceptible,62,Acute, 66,High,High,HighRisk
595,99888,161859,99809,161989,Acute_Susceptible,14,Acute, 79,High,High,HighRisk
595,99932,161859,99809,160219,Acute_Susceptible,45,Acute, 123,High,High,HighRisk
596,99827,162346,99778,161847,Acute_Susceptible,1,Acute, 49,High,High,HighRisk
597,99844,162165,99825,162277,Acute_Susceptible,1,Acute, 19,Low,High,Common
598,99850,162128,99791,161938,Acute_Susceptible,1,Acute, 59,High,Low,Common
599,99905,159363,99764,158782,Acute_Susceptible,1,Acute, 141,Low,Low,Common
600,99919,162069,99882,158501,Acute_Susceptible,1,Acute, 37,Low,Low,Common
601,99961,160137,99943,154881,Acute_Susceptible,1,Acute, 18,Low,Low,Common
602,100010,162110,99896,159213,Acute_Susceptible,1,Acute, 114,High,High,HighRisk
602,100046,159213,100010,162408,Acute_Susceptible,1,Acute, 36,High,Low,Common
603,100033,161064,100021,158270,Acute_Susceptible,1,Acute, 12,High,Low,Common
604,100058,160757,100045,161380,Acute_Susceptible,1,Acute, 13,High,Low,Common
605,100064,161862,100012,162363,Acute_Susceptible,1,Acute, 52,High,High,HighRisk
606,100067,162473,100018,160201,Acute_Susceptible,1,Acute, 49,High,Low,Common
607,100077,161280,99971,161641,Acute_Susceptible,1,Acute, 106,Low,Low,Common
608,100091,161853,99925,151859,Acute_Susceptible,1,Acute, 166,High,Low,Common
609,100110,162286,100100,161405,Acute_Susceptible,1,Acute, 10,High,High,Common
609,100209,162286,100100,162687,Acute_Susceptible,100,Acute, 109,High,High,HighRisk
610,100114,154609,100025,161843,Acute_Susceptible,1,Acute, 89,High,Low,Common
611,100127,162155,100091,162612,Acute_Susceptible,1,Acute, 36,High,Low,Common
612,100139,158712,100136,160976,Acute_Susceptible,1,Acute, 3,High,High,HighRisk
612,100298,160976,100139,162671,Acute_Susceptible,1,Acute, 159,High,High,HighRisk
612,100302,162671,100298,162072,Acute_Susceptible,1,Acute, 4,High,Low,Common
613,100148,162135,100145,159240,Acute_Susceptible,1,Acute, 3,High,High,HighRisk
613,100271,159240,100148,158664,Acute_Susceptible,1,Acute, 123,High,High,HighRisk
614,100153,161678,100108,160841,Acute_Susceptible,1,Acute, 45,High,High,HighRisk
614,100160,160841,100153,162510,Acute_Susceptible,1,Acute, 7,High,High,HighRisk
614,100185,160841,100153,160746,Acute_Susceptible,26,Acute, 32,High,Low,Common
615,100186,161653,100142,162635,Acute_Susceptible,1,Acute, 44,High,High,HighRisk
615,100207,161653,100142,155281,Acute_Susceptible,22,Acute, 65,High,High,HighRisk
616,100233,161314,100226,160460,Acute_Susceptible,1,Acute, 7,Low,Low,Common
617,100239,161143,100206,162220,Acute_Susceptible,1,Acute, 33,High,Low,Common
617,100248,161143,100206,159004,Acute_Susceptible,10,Acute, 42,High,High,HighRisk
618,100263,159087,100148,162770,Acute_Susceptible,1,Acute, 115,High,High,HighRisk
619,100279,162217,100173,160090,Acute_Susceptible,1,Acute, 106,High,High,HighRisk
620,100279,162393,100262,162450,Acute_Susceptible,1,Acute, 17,High,High,HighRisk
621,100328,161977,100123,162502,Acute_Susceptible,1,Acute, 205,Low,High,Common
621,100334,162502,100328,161833,Acute_Susceptible,1,Acute, 6,High,High,HighRisk
622,100330,159910,100299,161586,Acute_Susceptible,1,Acute, 31,Low,Low,Common
623,100340,161007,100331,161582,Acute_Susceptible,1,Acute, 9,High,Low,Common
624,100359,152038,100340,155054,Acute_Susceptible,1,Acute, 19,High,High,HighRisk
624,100384,152038,100340,162715,Acute_Susceptible,26,Acute, 44,High,High,HighRisk
624,100387,152038,100340,161654,Acute_Susceptible,4,Acute, 47,High,Low,Common
624,100408,162715,100384,161346,Acute_Susceptible,1,Acute, 24,High,High,HighRisk
624,100466,161346,100408,162922,Acute_Susceptible,1,Acute, 58,High,Low,Common
624,100473,162715,100384,162878,Acute_Susceptible,66,Acute, 89,High,High,HighRisk
624,100517,162715,100384,160834,Acute_Susceptible,45,Acute, 133,High,High,HighRisk
625,100362,159774,100210,154437,Acute_Susceptible,1,Acute, 152,High,High,HighRisk
626,100370,162347,100312,161246,Acute_Susceptible,1,Acute, 58,High,Low,Common
627,100374,162733,100272,161660,Acute_Susceptible,1,Acute, 102,High,High,Common
627,100452,161660,100374,161444,Acute_Susceptible,1,Acute, 78,High,High,HighRisk
628,100407,161520,100391,162881,Acute_Susceptible,1,Acute, 16,High,High,HighRisk
629,100409,156136,100347,162344,Acute_Susceptible,1,Acute, 62,Low,Low,Common
630,100425,162806,100409,161098,Acute_Susceptible,1,Acute, 16,High,Low,Common
631,100448,158312,100391,162298,Acute_Susceptible,1,Acute, 57,High,Low,Common
632,100454,162639,100444,162656,Acute_Susceptible,1,Acute, 10,High,Low,Common
633,100470,162762,100448,162631,Acute_Susceptible,1,Acute, 22,High,High,HighRisk
633,100539,162631,100470,153907,Acute_Susceptible,1,Acute, 69,High,High,HighRisk
634,100475,160826,100423,162680,Acute_Susceptible,1,Acute, 52,Low,Low,Common
635,100508,156756,100478,161816,Acute_Susceptible,1,Acute, 30,High,Low,Common
636,100515,162089,100482,156978,Acute_Susceptible,1,Acute, 33,High,High,Common
636,100567,162089,100482,155372,Acute_Susceptible,53,Acute, 85,High,High,HighRisk
637,100522,160920,100401,162841,Acute_Susceptible,1,Acute, 121,High,High,HighRisk
637,100553,160920,100401,162847,Acute_Susceptible,32,Acute, 152,High,High,HighRisk
637,100649,160920,100401,158698,Acute_Susceptible,97,Acute, 248,High,High,HighRisk
637,100692,160920,100401,156249,Acute_Susceptible,44,Acute, 291,High,High,HighRisk
638,100533,160824,100403,162791,Acute_Susceptible,1,Acute, 130,Low,Low,Common
639,100551,162804,100494,157045,Acute_Susceptible,1,Acute, 57,High,Low,Common
640,100564,162505,100535,162774,Acute_Susceptible,1,Acute, 29,High,High,HighRisk
641,100582,162724,100552,162734,Acute_Susceptible,1,Acute, 30,High,High,HighRisk
641,100587,162724,100552,162809,Acute_Susceptible,6,Acute, 35,High,High,HighRisk
641,100623,162724,100552,163055,Acute_Susceptible,37,Acute, 71,High,High,HighRisk
642,100600,162814,100525,161684,Acute_Susceptible,1,Acute, 75,High,High,HighRisk
642,100680,162814,100525,158030,Acute_Susceptible,81,Acute, 155,High,Low,Common
642,100767,162814,100525,163080,Acute_Susceptible,88,Acute, 242,High,High,Common
643,100629,160586,100628,162979,Acute_Susceptible,1,Acute, 1,High,Low,Common
644,100652,160237,100396,159879,Acute_Susceptible,1,Acute, 256,Low,Low,Common
645,100672,160473,100622,163070,Acute_Susceptible,1,Acute, 50,High,High,HighRisk
646,100673,163061,100669,154648,Acute_Susceptible,1,Acute, 4,High,High,HighRisk
647,100684,163029,100666,161442,Acute_Susceptible,1,Acute, 18,High,High,HighRisk
648,100697,163087,100669,161791,Acute_Susceptible,1,Acute, 28,High,Low,Common
649,100715,160805,100656,162929,Acute_Susceptible,1,Acute, 59,High,High,HighRisk
649,100852,162929,100715,162265,Acute_Susceptible,1,Acute, 137,High,High,HighRisk
649,100875,162265,100852,160791,Acute_Susceptible,1,Acute, 23,High,High,HighRisk
650,100751,163074,100736,162156,Acute_Susceptible,1,Acute, 15,High,High,HighRisk
650,100777,162156,100751,160706,Acute_Susceptible,1,Acute, 26,High,High,HighRisk
651,100770,161049,100732,163095,Acute_Susceptible,1,Acute, 38,High,Low,Common
